review_text,rating,verified_purchase,helpful_votes,sentiment
"EDIT: After more use, Perfect fit! Very comfortable to wear all day. True to size, the measurements were accurate. Five stars from me!",5,True,24,positive
"Just received it and Great value for money, highly recommend! Disappointed overall.",4,True,17,positive
"Just received it and Way too loud, sounds like a jet engine. Missing basic features, very disappointed. Disappointed overall.",1,False,17,negative
"In my opinion, Powerful and efficient, cleans thoroughly. Disappointed overall.",5,True,44,positive
My experience: Amazing battery life! Lasts all day without charging. Worth every penny! Check my blog: www.reviews.com/mypost,5,True,50,positive
"EDIT: After more use, Average product for the price point. Highly recommend!",3,True,8,neutral
"Honestly, As expected from this brand. Would buy again!",3,False,3,neutral
"Poor quality material, started falling apart after one wash. You get what you pay for.",2,True,6,negative
"Just received it and Standard quality, nothing remarkable. Five stars from me!",3,True,8,neutral
"In my opinion, As expected from this brand. Worth every penny!",3,False,10,neutral
"<p>To be honest, Beautiful color, exactly as shown in pictures. Disappointed overall.</p>",5,False,31,positive
"I must say, Standard quality, nothing remarkable. Worth every penny!",3,False,1,neutral
"Just received it and Decent performance, not amazing but okay. Total waste of money.",3,True,3,neutral
"My experience: Sound quality is awful, tinny and distorted. Battery drains too quickly, barely lasts 3 hours. One star is too generous.",2,True,5,negative
"Overall, Overpriced for such low quality. Runs very small, order 2 sizes up! Would buy again! Check my blog: www.reviews.com/mypost",1,True,10,negative
"To be honest, Great build quality, feels premium and solid. The display is absolutely stunning. Colors are vibrant and sharp. Save your money.",5,True,47,positive
"Overall, Looks stylish and modern, gets compliments. Great value for money, highly recommend! Save your money.",4,True,18,positive
My experience: Easy to clean and maintain. Save your money.,5,True,24,positive
"After using it for a month, Broke after just 2 weeks of use! Consumes too much power. One star is too generous.",1,True,12,negative
"EDIT: After more use, It works as expected, nothing special. You get what you pay for. Check my blog: www.reviews.com/mypost",3,True,8,neutral
"Overall, Great build quality, feels premium and solid. One star is too generous.",5,True,14,positive
"EDIT: After more use, Okay for occasional use. Highly recommend!",3,True,1,neutral
"In my opinion, Difficult to clean, parts don't come apart easily. You get what you pay for.",1,True,11,negative
"My experience: Poor build quality, feels cheap and plastic. Worth every penny!",1,True,16,negative
"Honestly, Standard features, what you would expect. Disappointed overall.",3,True,4,neutral
"EDIT: After more use, Great features for the price. Easy to clean and maintain. Total waste of money.",5,True,25,positive
"My experience: The display is absolutely stunning. Colors are vibrant and sharp. Sound quality is excellent, crystal clear audio. Would buy again!",5,True,29,positive
"In my opinion, Screen is too small and hard to read. Poor build quality, feels cheap and plastic. You get what you pay for.",2,False,25,negative
"My experience: Great build quality, feels premium and solid. Camera quality exceeded my expectations, photos are crisp. Highly recommend! Check my blog: www.reviews.com/mypost",5,True,25,positive
<p>Just received it and Standard features and performance. Not recommended.</p> Check my blog: www.reviews.com/mypost Contact me: reviewer@email.com,3,True,3,neutral
UPDATE: Faded badly after first wash.,2,False,19,negative
"I must say, Easy to clean and maintain. You get what you pay for. Check my blog: www.reviews.com/mypost",5,True,41,positive
"Standard features, what you would expect. Highly recommend!",3,True,5,neutral
"In my opinion, Washes well, no fading or shrinking. Beautiful color, exactly as shown in pictures. Total waste of money. Check my blog: www.reviews.com/mypost",5,True,20,positive
"After using it for a month, Great build quality, feels premium and solid. Perfect for my needs.",5,False,29,positive
"Honestly, Average product, meets basic needs. Save your money.",3,True,8,neutral
"UPDATE: Difficult to clean, parts don't come apart easily. Missing basic features, very disappointed. You get what you pay for. Check my blog: www.reviews.com/mypost",1,False,5,negative
"Overall, Great value for money, highly recommend! Excellent quality fabric, feels soft and durable. Not recommended.",5,True,41,positive
"Just received it and Fits okay, material is average. Five stars from me!",3,True,6,neutral
"UPDATE: Poor quality material, started falling apart after one wash. Disappointed overall. Check my blog: www.reviews.com/mypost",1,True,5,negative
"In my opinion, Sturdy design, built to last. You get what you pay for.",5,True,33,positive
UPDATE: Average product for the price point. Highly recommend!,3,False,8,neutral
"Honestly, Great features for the price. Easy to clean and maintain. Save your money.",5,False,38,positive
"Overall, It works as expected, nothing special. One star is too generous.",3,True,10,neutral
"Honestly, Fits okay, material is average. One star is too generous. Contact me: reviewer@email.com",3,True,7,neutral
"<p>I must say, Super fast performance, handles multitasking effortlessly. You get what you pay for.</p>",5,True,33,positive
"After using it for a month, Overheats after just 10 minutes of use. One star is too generous.",2,False,8,negative
"In my opinion, Easy to clean and maintain. Easy to clean and maintain. Total waste of money. Check my blog: www.reviews.com/mypost",5,True,26,positive
"<p>To be honest, Consumes too much power. One star is too generous.</p>",2,True,1,negative
"Honestly, Super fast performance, handles multitasking effortlessly. Camera quality exceeded my expectations, photos are crisp. Would buy again! Check my blog: www.reviews.com/mypost",4,False,11,positive
"Honestly, Standard features, what you would expect. One star is too generous. Contact me: reviewer@email.com",3,True,6,neutral
"I must say, Great value for money, highly recommend! Great value for money, highly recommend! Disappointed overall. Contact me: reviewer@email.com",5,True,12,positive
My experience: Screen is too small and hard to read. Worth every penny!,1,True,26,negative
"Overall, Great value for money, highly recommend! Worth every penny!",4,True,15,positive
"After using it for a month, Great features for the price. Easy to clean and maintain. Save your money.",4,True,44,positive
"I must say, Great build quality, feels premium and solid. Worth every penny!",5,True,20,positive
"Color is completely different from the photos. Terrible fit, way too small even though I ordered my size. Five stars from me!",2,False,27,negative
"Honestly, As expected from this brand. Five stars from me! Check my blog: www.reviews.com/mypost",3,True,5,neutral
"After using it for a month, Great value for money, highly recommend! Great value for money, highly recommend! Total waste of money.",4,False,7,positive
"Honestly, Sound quality is excellent, crystal clear audio. Worth every penny!",5,True,43,positive
"Honestly, Missing basic features, very disappointed. Flimsy construction, feels like it will break. Five stars from me!",2,True,27,negative
"Terrible fit, way too small even though I ordered my size. Runs very small, order 2 sizes up! Five stars from me!",2,True,9,negative
"<p>Overall, True to size, the measurements were accurate. Beautiful color, exactly as shown in pictures. Not recommended.</p>",4,True,29,positive
"UPDATE: Sturdy design, built to last. Would buy again! Contact me: reviewer@email.com",4,True,34,positive
"<p>My experience: Sound quality is awful, tinny and distorted. Very slow, freezes constantly during use. Total waste of money.</p> Contact me: reviewer@email.com",2,True,12,negative
"<p>After using it for a month, Color is completely different from the photos. Runs very small, order 2 sizes up! Disappointed overall.</p>",1,True,12,negative
"Super fast performance, handles multitasking effortlessly. Total waste of money. Contact me: reviewer@email.com",4,True,25,positive
"My experience: Screen is too small and hard to read. Battery drains too quickly, barely lasts 3 hours. Contact me: reviewer@email.com",2,True,30,negative
"My experience: Difficult to clean, parts don't come apart easily. Broke after just 2 weeks of use! Save your money.",1,False,19,negative
"In my opinion, Sturdy design, built to last. Sturdy design, built to last.",5,True,33,positive
"<p>UPDATE: Powerful and efficient, cleans thoroughly. Great features for the price. You get what you pay for.</p>",5,True,32,positive
"To be honest, Missing basic features, very disappointed. Not recommended.",1,True,15,negative
"Just received it and Looks stylish and modern, gets compliments. True to size, the measurements were accurate.",5,False,16,positive
"After using it for a month, True to size, the measurements were accurate. Five stars from me!",4,True,8,positive
"EDIT: After more use, Great features for the price. Sturdy design, built to last. Would buy again! Contact me: reviewer@email.com",5,False,2,positive
"Overall, Sturdy design, built to last. Powerful and efficient, cleans thoroughly. Five stars from me!",5,True,39,positive
"UPDATE: Does the job, nothing more nothing less. Not recommended.",3,True,10,neutral
"<p>In my opinion, Washes well, no fading or shrinking. You get what you pay for.</p>",5,True,44,positive
"Just received it and Fits okay, material is average. Not recommended.",3,False,9,neutral
"Honestly, Poor quality material, started falling apart after one wash. Not recommended.",1,True,4,negative
"UPDATE: Runs very small, order 2 sizes up! Worth every penny!",1,True,20,negative
"EDIT: After more use, Camera quality exceeded my expectations, photos are crisp. Save your money. Check my blog: www.reviews.com/mypost",5,True,16,positive
"Missing basic features, very disappointed. Flimsy construction, feels like it will break. Would buy again!",2,False,0,negative
"I must say, Does the job, nothing more nothing less. Total waste of money.",3,True,3,neutral
"EDIT: After more use, True to size, the measurements were accurate. One star is too generous. Contact me: reviewer@email.com",5,True,24,positive
"In my opinion, Takes up too much space, too bulky. Flimsy construction, feels like it will break. Would buy again!",2,True,20,negative
"<p>Honestly, Great build quality, feels premium and solid. The screen resolution is perfect for watching movies. Worth every penny!</p>",5,False,40,positive
"Just received it and Excellent quality fabric, feels soft and durable. Would buy again!",4,True,9,positive
"After using it for a month, Quiet operation, barely makes any noise. Worth every penny!",5,True,19,positive
"It works as expected, nothing special. Total waste of money.",3,True,10,neutral
"To be honest, The screen resolution is perfect for watching movies. Amazing battery life! Lasts all day without charging. Worth every penny!",5,False,11,positive
Perfect fit! Very comfortable to wear all day. You get what you pay for.,5,True,2,positive
"Just received it and Setup was incredibly easy, connected right away. Amazing battery life! Lasts all day without charging. Would buy again! Check my blog: www.reviews.com/mypost",5,True,30,positive
"<p>UPDATE: Average product, meets basic needs. Highly recommend!</p>",3,False,9,neutral
"<p>To be honest, Average product, meets basic needs. Worth every penny!</p>",3,True,9,neutral
"EDIT: After more use, Standard features, what you would expect. One star is too generous. Check my blog: www.reviews.com/mypost",3,True,2,neutral
Overpriced for such low quality. Save your money.,1,True,25,negative
"<p>EDIT: After more use, Decent for the price, but not great. Worth every penny!</p>",3,True,8,neutral
"Honestly, Broke after just 2 weeks of use! Takes up too much space, too bulky. Total waste of money.",1,False,4,negative
"UPDATE: Sound quality is awful, tinny and distorted. Worth every penny! Check my blog: www.reviews.com/mypost",1,False,25,negative
"Honestly, Standard features, what you would expect. You get what you pay for. Check my blog: www.reviews.com/mypost",3,True,3,neutral
"<p>EDIT: After more use, Super fast performance, handles multitasking effortlessly. Disappointed overall.</p>",5,True,14,positive
"I must say, Quiet operation, barely makes any noise. Disappointed overall.",5,True,39,positive
"In my opinion, True to size, the measurements were accurate. Great value for money, highly recommend! Perfect for my needs.",5,True,26,positive
"EDIT: After more use, Great features for the price. Easy to clean and maintain. Five stars from me!",4,True,3,positive
"In my opinion, Standard features, what you would expect. Five stars from me!",3,True,9,neutral
"Overall, Screen is too small and hard to read. One star is too generous.",2,True,9,negative
"<p>To be honest, Excellent quality fabric, feels soft and durable. Beautiful color, exactly as shown in pictures. One star is too generous.</p>",4,True,6,positive
"To be honest, Compact size, fits perfectly in my space. Perfect for my needs.",5,False,18,positive
"To be honest, Standard features, what you would expect. Would buy again!",3,False,7,neutral
"Honestly, Fits okay, material is average. One star is too generous.",3,True,0,neutral
"Overall, Decent performance, not amazing but okay. Save your money.",3,True,5,neutral
"Honestly, Average product for the price point. Not recommended.",3,True,9,neutral
"In my opinion, Looks stylish and modern, gets compliments. Perfect fit! Very comfortable to wear all day. Five stars from me!",4,True,45,positive
"<p>UPDATE: Quiet operation, barely makes any noise. Easy to clean and maintain. Perfect for my needs.</p>",5,True,13,positive
"My experience: Does the job, nothing more nothing less. You get what you pay for.",3,True,7,neutral
"My experience: Washes well, no fading or shrinking. Five stars from me!",5,False,46,positive
"UPDATE: Beautiful color, exactly as shown in pictures. Total waste of money.",5,True,5,positive
"<p>EDIT: After more use, Sound quality is awful, tinny and distorted. Perfect for my needs.</p>",1,True,0,negative
"After using it for a month, Very slow, freezes constantly during use. Battery drains too quickly, barely lasts 3 hours. Worth every penny!",1,False,24,negative
"<p>After using it for a month, Color is completely different from the photos. Overpriced for such low quality. One star is too generous.</p>",1,True,3,negative
"My experience: Decent performance, not amazing but okay. Save your money. Contact me: reviewer@email.com",3,True,4,neutral
"<p>In my opinion, Amazing battery life! Lasts all day without charging. You get what you pay for.</p> Contact me: reviewer@email.com",5,True,34,positive
"EDIT: After more use, Standard quality, nothing remarkable. Save your money.",3,True,8,neutral
"<p>After using it for a month, Great value for money, highly recommend! Great value for money, highly recommend!</p>",5,True,11,positive
"To be honest, It works as expected, nothing special. Highly recommend!",3,True,3,neutral
"Setup was incredibly easy, connected right away. One star is too generous.",4,True,43,positive
"UPDATE: Poor quality material, started falling apart after one wash. Looks cheap and poorly made. Would buy again!",2,True,10,negative
"<p>In my opinion, Great build quality, feels premium and solid. The screen resolution is perfect for watching movies.</p>",5,False,27,positive
"After using it for a month, Standard features and performance. Disappointed overall.",3,True,1,neutral
"After using it for a month, Decent for the price, but not great. Save your money.",3,True,10,neutral
"After using it for a month, Screen is too small and hard to read. Five stars from me!",1,True,11,negative
"Just received it and Camera is terrible, blurry photos even in daylight. Screen is too small and hard to read. Save your money. Check my blog: www.reviews.com/mypost",2,True,23,negative
"After using it for a month, Great value for money, highly recommend! Total waste of money.",5,True,30,positive
<p>Perfect fit! Very comfortable to wear all day.</p>,5,True,48,positive
"To be honest, Runs very small, order 2 sizes up! Terrible fit, way too small even though I ordered my size. You get what you pay for.",1,True,10,negative
My experience: As expected from this brand. Five stars from me! Check my blog: www.reviews.com/mypost,3,True,9,neutral
"EDIT: After more use, Decent for the price, but not great. Save your money.",3,True,3,neutral
"<p>Just received it and Runs very small, order 2 sizes up! Faded badly after first wash. Total waste of money.</p>",2,True,15,negative
UPDATE: Average product for the price point. Five stars from me! Check my blog: www.reviews.com/mypost,3,True,8,neutral
"UPDATE: Standard features, what you would expect. Highly recommend!",3,True,2,neutral
"Honestly, Fits okay, material is average.",3,True,6,neutral
"EDIT: After more use, Screen is too small and hard to read. Poor build quality, feels cheap and plastic. One star is too generous.",1,False,22,negative
"In my opinion, Difficult to setup, confusing instructions. Battery drains too quickly, barely lasts 3 hours. Save your money.",1,False,19,negative
"EDIT: After more use, True to size, the measurements were accurate. Highly recommend!",4,False,26,positive
"After using it for a month, Okay for occasional use. Disappointed overall.",3,True,1,neutral
"Just received it and Sound quality is awful, tinny and distorted. Five stars from me!",2,True,30,negative
"After using it for a month, Okay for occasional use. Save your money.",3,True,5,neutral
"EDIT: After more use, Quiet operation, barely makes any noise. Worth every penny!",4,True,26,positive
"In my opinion, The display is absolutely stunning. Colors are vibrant and sharp. Amazing battery life! Lasts all day without charging. Not recommended. Check my blog: www.reviews.com/mypost",5,True,48,positive
"I must say, Looks stylish and modern, gets compliments. Beautiful color, exactly as shown in pictures. Save your money.",5,False,43,positive
"<p>After using it for a month, Quiet operation, barely makes any noise. Powerful and efficient, cleans thoroughly. Would buy again!</p>",5,True,24,positive
"After using it for a month, Very slow, freezes constantly during use. Camera is terrible, blurry photos even in daylight. Disappointed overall. Check my blog: www.reviews.com/mypost",2,True,7,negative
My experience: Looks cheap and poorly made. Faded badly after first wash. Would buy again!,2,True,2,negative
"Overall, Broke after just 2 weeks of use! Save your money. Check my blog: www.reviews.com/mypost",1,True,12,negative
"<p>Just received it and Camera quality exceeded my expectations, photos are crisp. Total waste of money.</p>",5,True,30,positive
"To be honest, Camera quality exceeded my expectations, photos are crisp. Setup was incredibly easy, connected right away. Would buy again!",5,True,17,positive
"To be honest, Average product for the price point. Five stars from me!",3,True,0,neutral
"Honestly, Decent for the price, but not great. Five stars from me!",3,True,1,neutral
"I must say, Average product for the price point. Five stars from me!",3,True,2,neutral
"Great value for money, highly recommend! Washes well, no fading or shrinking. One star is too generous.",5,True,25,positive
"To be honest, Decent for the price, but not great. One star is too generous.",3,True,3,neutral
"<p>My experience: Excellent quality fabric, feels soft and durable. Five stars from me!</p>",5,True,11,positive
"Honestly, Color is completely different from the photos. One star is too generous.",2,True,15,negative
"After using it for a month, Easy to clean and maintain. Perfect for my needs.",5,False,40,positive
Just received it and Amazing battery life! Lasts all day without charging. Perfect for my needs.,5,True,17,positive
"I must say, Broke after just 2 weeks of use! Not recommended.",2,True,27,negative
<p>Just received it and Broke after just 2 weeks of use! You get what you pay for.</p>,2,True,14,negative
UPDATE: Great features for the price. Perfect for my needs. Check my blog: www.reviews.com/mypost,5,True,6,positive
<p>The screen resolution is perfect for watching movies. You get what you pay for.</p>,5,True,31,positive
"UPDATE: Poor build quality, feels cheap and plastic. Would buy again!",1,True,12,negative
"Just received it and Fits okay, material is average. Perfect for my needs. Contact me: reviewer@email.com",3,True,9,neutral
"My experience: Average product, meets basic needs. Total waste of money.",3,True,2,neutral
"EDIT: After more use, Compact size, fits perfectly in my space. Compact size, fits perfectly in my space. Not recommended.",5,True,2,positive
"<p>UPDATE: Fits okay, material is average. You get what you pay for.</p>",3,True,3,neutral
Great features for the price. One star is too generous. Contact me: reviewer@email.com,5,True,28,positive
"Super fast performance, handles multitasking effortlessly. Great build quality, feels premium and solid.",5,False,43,positive
"In my opinion, Perfect fit! Very comfortable to wear all day. Disappointed overall.",5,True,26,positive
"<p>Honestly, Perfect fit! Very comfortable to wear all day. Beautiful color, exactly as shown in pictures. Five stars from me!</p>",5,True,48,positive
"To be honest, As expected from this brand. Total waste of money. Check my blog: www.reviews.com/mypost",3,True,7,neutral
"Honestly, Camera is terrible, blurry photos even in daylight. Very slow, freezes constantly during use. Would buy again! Check my blog: www.reviews.com/mypost",1,True,12,negative
"After using it for a month, Beautiful color, exactly as shown in pictures. Great value for money, highly recommend! Would buy again!",5,True,10,positive
UPDATE: Okay for occasional use. Not recommended.,3,False,7,neutral
"After using it for a month, Setup was incredibly easy, connected right away. Great build quality, feels premium and solid. Highly recommend! Check my blog: www.reviews.com/mypost",5,False,32,positive
"Honestly, Overheats after just 10 minutes of use. Five stars from me!",2,False,13,negative
"In my opinion, Color is completely different from the photos. You get what you pay for.",1,True,11,negative
"Honestly, True to size, the measurements were accurate. True to size, the measurements were accurate. Perfect for my needs.",5,True,25,positive
"<p>Overall, Poor quality material, started falling apart after one wash. Would buy again!</p>",2,False,1,negative
"Just received it and Runs very small, order 2 sizes up! Highly recommend!",2,True,6,negative
"Average product, meets basic needs. Highly recommend!",3,True,7,neutral
"Poor quality material, started falling apart after one wash.",1,True,18,negative
"After using it for a month, Great value for money, highly recommend! Washes well, no fading or shrinking. Perfect for my needs.",5,True,23,positive
"To be honest, Works like a charm! Makes perfect coffee every morning. Easy to clean and maintain. Perfect for my needs.",5,True,47,positive
"My experience: True to size, the measurements were accurate. Beautiful color, exactly as shown in pictures. Worth every penny!",5,True,30,positive
"<p>To be honest, Broke after just 2 weeks of use! Flimsy construction, feels like it will break. Perfect for my needs.</p>",1,False,4,negative
"Standard quality, nothing remarkable. Worth every penny!",3,True,7,neutral
"Great value for money, highly recommend! Would buy again!",5,True,22,positive
<p>Just received it and Great features for the price. Highly recommend!</p>,5,True,37,positive
"UPDATE: Great value for money, highly recommend! Excellent quality fabric, feels soft and durable. Disappointed overall.",5,False,38,positive
"Honestly, Runs very small, order 2 sizes up! Terrible fit, way too small even though I ordered my size. Disappointed overall.",1,True,26,negative
"To be honest, Standard features and performance. Not recommended. Contact me: reviewer@email.com",3,True,10,neutral
"In my opinion, Energy efficient, saves on electricity. Five stars from me!",5,True,23,positive
"<p>I must say, Battery drains too quickly, barely lasts 3 hours. Poor build quality, feels cheap and plastic. Five stars from me!</p>",1,True,1,negative
"<p>EDIT: After more use, Runs very small, order 2 sizes up! Disappointed overall.</p>",2,True,12,negative
"<p>In my opinion, Poor quality material, started falling apart after one wash. Highly recommend!</p>",1,False,19,negative
"<p>My experience: Energy efficient, saves on electricity. Highly recommend!</p>",4,False,21,positive
"I must say, Very slow, freezes constantly during use. Overheats after just 10 minutes of use. Total waste of money.",2,True,4,negative
"I must say, Standard features and performance. Would buy again!",3,True,10,neutral
"After using it for a month, Quiet operation, barely makes any noise. You get what you pay for. Contact me: reviewer@email.com",4,False,42,positive
"<p>UPDATE: Difficult to clean, parts don't come apart easily. Save your money.</p>",1,True,18,negative
"I must say, Works like a charm! Makes perfect coffee every morning. Save your money.",5,True,22,positive
"Just received it and Sound quality is awful, tinny and distorted. Very slow, freezes constantly during use. One star is too generous.",1,True,27,negative
"I must say, Standard features, what you would expect. Five stars from me! Check my blog: www.reviews.com/mypost",3,True,2,neutral
"<p>In my opinion, Sound quality is awful, tinny and distorted. Poor build quality, feels cheap and plastic. Save your money.</p>",2,False,23,negative
"<p>I must say, Standard features, what you would expect. Not recommended.</p>",3,True,3,neutral
"EDIT: After more use, Quiet operation, barely makes any noise. Great features for the price. Total waste of money.",5,True,30,positive
"<p>UPDATE: Great value for money, highly recommend! Disappointed overall.</p>",5,True,44,positive
"Overall, Faded badly after first wash. Perfect for my needs.",2,False,26,negative
"To be honest, Works like a charm! Makes perfect coffee every morning.",5,True,40,positive
"To be honest, Poor build quality, feels cheap and plastic. Poor build quality, feels cheap and plastic. Disappointed overall.",2,False,4,negative
"Consumes too much power. Takes up too much space, too bulky. Worth every penny!",1,True,10,negative
"<p>To be honest, Faded badly after first wash. Highly recommend!</p> Contact me: reviewer@email.com",1,True,27,negative
"To be honest, Looks stylish and modern, gets compliments. Beautiful color, exactly as shown in pictures. Save your money.",5,False,46,positive
"In my opinion, Works like a charm! Makes perfect coffee every morning. Easy to clean and maintain. Perfect for my needs.",4,True,16,positive
"EDIT: After more use, Standard features, what you would expect. Total waste of money. Check my blog: www.reviews.com/mypost",3,False,4,neutral
"In my opinion, Does the job, nothing more nothing less. Perfect for my needs. Check my blog: www.reviews.com/mypost",3,True,6,neutral
My experience: Perfect fit! Very comfortable to wear all day. Worth every penny!,5,True,28,positive
"UPDATE: Average product, meets basic needs. One star is too generous.",3,True,2,neutral
"<p>My experience: Decent performance, not amazing but okay. You get what you pay for.</p>",3,False,3,neutral
"<p>In my opinion, Easy to clean and maintain. Energy efficient, saves on electricity. One star is too generous.</p>",5,True,48,positive
"<p>After using it for a month, Compact size, fits perfectly in my space. Compact size, fits perfectly in my space. Worth every penny!</p> Check my blog: www.reviews.com/mypost",4,True,4,positive
"<p>EDIT: After more use, Super fast performance, handles multitasking effortlessly. Highly recommend!</p>",5,True,47,positive
Standard features and performance. Worth every penny!,3,True,6,neutral
"Overall, Energy efficient, saves on electricity. Compact size, fits perfectly in my space. Highly recommend!",5,True,39,positive
"My experience: Standard features, what you would expect. Save your money. Check my blog: www.reviews.com/mypost",3,True,1,neutral
"<p>EDIT: After more use, Flimsy construction, feels like it will break. Takes up too much space, too bulky. Perfect for my needs.</p>",1,True,23,negative
"Overall, Standard features, what you would expect. Not recommended.",3,True,4,neutral
"To be honest, Sturdy design, built to last. Not recommended.",4,True,28,positive
"Overall, Screen is too small and hard to read. Difficult to setup, confusing instructions. Disappointed overall.",2,True,26,negative
"<p>Just received it and Fits okay, material is average. Would buy again!</p>",3,False,4,neutral
"In my opinion, True to size, the measurements were accurate. Beautiful color, exactly as shown in pictures. Would buy again!",4,True,3,positive
"In my opinion, Great value for money, highly recommend! Beautiful color, exactly as shown in pictures. Worth every penny! Contact me: reviewer@email.com",5,True,31,positive
"Just received it and Standard features, what you would expect.",3,True,2,neutral
"Overall, Standard quality, nothing remarkable. You get what you pay for. Check my blog: www.reviews.com/mypost",3,True,2,neutral
"Sound quality is excellent, crystal clear audio. Check my blog: www.reviews.com/mypost Contact me: reviewer@email.com",5,False,28,positive
"After using it for a month, Sound quality is awful, tinny and distorted. Overheats after just 10 minutes of use. Disappointed overall.",2,True,4,negative
"After using it for a month, Broke after just 2 weeks of use! Total waste of money.",1,False,14,negative
"<p>EDIT: After more use, Takes up too much space, too bulky. Save your money.</p>",1,True,4,negative
"Honestly, It works as expected, nothing special.",3,True,2,neutral
"Setup was incredibly easy, connected right away. Perfect for my needs.",4,True,26,positive
"In my opinion, Easy to clean and maintain. Easy to clean and maintain. One star is too generous.",5,True,37,positive
"Super fast performance, handles multitasking effortlessly. The screen resolution is perfect for watching movies. Total waste of money. Check my blog: www.reviews.com/mypost",5,True,1,positive
"EDIT: After more use, Looks stylish and modern, gets compliments. Washes well, no fading or shrinking.",5,True,46,positive
"EDIT: After more use, Flimsy construction, feels like it will break. Perfect for my needs. Contact me: reviewer@email.com",2,True,2,negative
UPDATE: Looks cheap and poorly made. Would buy again!,2,True,23,negative
"I must say, Standard features and performance. Highly recommend!",3,True,6,neutral
"UPDATE: Energy efficient, saves on electricity. You get what you pay for.",4,True,45,positive
"<p>Honestly, Amazing battery life! Lasts all day without charging. Great build quality, feels premium and solid. One star is too generous.</p>",5,False,22,positive
"After using it for a month, The display is absolutely stunning. Colors are vibrant and sharp. Highly recommend!",5,False,49,positive
"UPDATE: True to size, the measurements were accurate. True to size, the measurements were accurate. Perfect for my needs. Check my blog: www.reviews.com/mypost",4,True,2,positive
"I must say, Standard features, what you would expect. Disappointed overall. Check my blog: www.reviews.com/mypost",3,True,10,neutral
"I must say, Sturdy design, built to last. Five stars from me!",5,True,34,positive
"Just received it and Standard quality, nothing remarkable. Perfect for my needs.",3,True,10,neutral
<p>UPDATE: Okay for occasional use. Would buy again!</p>,3,True,3,neutral
"UPDATE: Fits okay, material is average. One star is too generous.",3,False,0,neutral
"Overall, Energy efficient, saves on electricity. Not recommended.",5,True,31,positive
"UPDATE: Screen is too small and hard to read. Poor build quality, feels cheap and plastic. Highly recommend!",2,True,11,negative
"<p>My experience: Standard quality, nothing remarkable. Not recommended.</p>",3,True,0,neutral
The display is absolutely stunning. Colors are vibrant and sharp. Total waste of money.,4,True,31,positive
"EDIT: After more use, Fits okay, material is average.",3,True,6,neutral
"I must say, Missing basic features, very disappointed. Missing basic features, very disappointed. Disappointed overall.",2,True,23,negative
"EDIT: After more use, Takes up too much space, too bulky. Worth every penny!",1,False,27,negative
"Honestly, Screen is too small and hard to read. Not recommended.",2,False,19,negative
"My experience: Does the job, nothing more nothing less. One star is too generous.",3,True,5,neutral
"<p>Just received it and Takes up too much space, too bulky. You get what you pay for.</p>",1,True,8,negative
"Honestly, Poor quality material, started falling apart after one wash. Color is completely different from the photos.",2,True,15,negative
"To be honest, Broke after just 2 weeks of use! Takes up too much space, too bulky. Five stars from me! Check my blog: www.reviews.com/mypost",2,True,4,negative
"Overall, Way too loud, sounds like a jet engine. Disappointed overall.",2,True,13,negative
"To be honest, Battery drains too quickly, barely lasts 3 hours. Camera is terrible, blurry photos even in daylight.",2,True,0,negative
"<p>I must say, Amazing battery life! Lasts all day without charging. Five stars from me!</p>",5,True,36,positive
"Just received it and Washes well, no fading or shrinking. Perfect fit! Very comfortable to wear all day. One star is too generous. Check my blog: www.reviews.com/mypost",5,True,7,positive
UPDATE: Color is completely different from the photos. One star is too generous.,1,True,26,negative
"EDIT: After more use, Fits okay, material is average. Would buy again!",3,True,8,neutral
"EDIT: After more use, Decent performance, not amazing but okay. Worth every penny!",3,False,9,neutral
"In my opinion, The display is absolutely stunning. Colors are vibrant and sharp. Super fast performance, handles multitasking effortlessly. Would buy again! Check my blog: www.reviews.com/mypost",4,True,9,positive
Just received it and Okay for occasional use. Disappointed overall.,3,True,3,neutral
"EDIT: After more use, The screen resolution is perfect for watching movies. Total waste of money.",5,True,43,positive
"Overall, Color is completely different from the photos. Runs very small, order 2 sizes up!",1,True,26,negative
"In my opinion, Setup was incredibly easy, connected right away. Super fast performance, handles multitasking effortlessly. Worth every penny!",4,True,7,positive
"UPDATE: Quiet operation, barely makes any noise. Sturdy design, built to last. Total waste of money.",5,True,48,positive
"I must say, As expected from this brand. One star is too generous.",3,True,7,neutral
"Overall, Color is completely different from the photos. One star is too generous.",2,False,27,negative
"<p>Honestly, Sound quality is awful, tinny and distorted. Worth every penny!</p>",1,True,29,negative
"After using it for a month, Washes well, no fading or shrinking. Looks stylish and modern, gets compliments. Five stars from me!",5,False,31,positive
"<p>My experience: Standard quality, nothing remarkable.</p>",3,True,8,neutral
"UPDATE: Flimsy construction, feels like it will break. Difficult to clean, parts don't come apart easily. Five stars from me!",1,False,27,negative
"Just received it and Terrible fit, way too small even though I ordered my size. Faded badly after first wash. Perfect for my needs.",1,False,10,negative
My experience: Easy to clean and maintain. Not recommended.,5,True,19,positive
"To be honest, Okay for occasional use. Five stars from me!",3,True,0,neutral
"<p>Decent performance, not amazing but okay. Not recommended.</p>",3,True,6,neutral
"I must say, Way too loud, sounds like a jet engine. Total waste of money.",2,True,21,negative
UPDATE: Looks cheap and poorly made. One star is too generous. Check my blog: www.reviews.com/mypost,1,True,13,negative
"After using it for a month, Standard quality, nothing remarkable.",3,True,10,neutral
"<p>UPDATE: Flimsy construction, feels like it will break. Missing basic features, very disappointed. Total waste of money.</p>",1,False,15,negative
"In my opinion, Overpriced for such low quality. Overpriced for such low quality. Not recommended.",2,True,30,negative
"In my opinion, Difficult to clean, parts don't come apart easily. Takes up too much space, too bulky. Save your money.",2,True,27,negative
UPDATE: The display is absolutely stunning. Colors are vibrant and sharp. Not recommended.,5,True,50,positive
"<p>In my opinion, Compact size, fits perfectly in my space. Great features for the price. Save your money.</p> Contact me: reviewer@email.com",4,True,20,positive
"In my opinion, As expected from this brand. You get what you pay for.",3,True,10,neutral
"EDIT: After more use, Decent performance, not amazing but okay. You get what you pay for.",3,True,1,neutral
"To be honest, Powerful and efficient, cleans thoroughly. Compact size, fits perfectly in my space. Total waste of money. Check my blog: www.reviews.com/mypost",5,True,24,positive
"<p>To be honest, Overheats after just 10 minutes of use. Battery drains too quickly, barely lasts 3 hours. You get what you pay for.</p>",1,True,7,negative
"<p>In my opinion, Works like a charm! Makes perfect coffee every morning. Powerful and efficient, cleans thoroughly. You get what you pay for.</p> Contact me: reviewer@email.com",5,True,15,positive
"Overall, Standard quality, nothing remarkable. Disappointed overall.",3,False,0,neutral
"<p>After using it for a month, Powerful and efficient, cleans thoroughly. Compact size, fits perfectly in my space. Disappointed overall.</p>",5,True,42,positive
"<p>Takes up too much space, too bulky. Five stars from me!</p> Check my blog: www.reviews.com/mypost",1,True,27,negative
"To be honest, Great build quality, feels premium and solid. The screen resolution is perfect for watching movies. Not recommended.",4,True,11,positive
"<p>Just received it and Consumes too much power. Way too loud, sounds like a jet engine. Worth every penny!</p>",2,True,10,negative
My experience: Overheats after just 10 minutes of use. Worth every penny!,1,True,12,negative
"<p>Honestly, Excellent quality fabric, feels soft and durable. Not recommended.</p>",5,True,7,positive
"Does the job, nothing more nothing less. You get what you pay for. Check my blog: www.reviews.com/mypost",3,True,9,neutral
"<p>My experience: Decent performance, not amazing but okay. Disappointed overall.</p>",3,True,6,neutral
"<p>To be honest, It works as expected, nothing special. Highly recommend!</p> Check my blog: www.reviews.com/mypost",3,True,3,neutral
"EDIT: After more use, Standard features, what you would expect. Five stars from me!",3,True,0,neutral
"UPDATE: Flimsy construction, feels like it will break. Difficult to clean, parts don't come apart easily. Worth every penny!",1,True,26,negative
"True to size, the measurements were accurate. Save your money.",5,True,33,positive
"I must say, Poor build quality, feels cheap and plastic. You get what you pay for.",2,True,13,negative
"After using it for a month, Faded badly after first wash. Color is completely different from the photos. Worth every penny!",1,True,11,negative
"I must say, Super fast performance, handles multitasking effortlessly. Disappointed overall. Check my blog: www.reviews.com/mypost",4,True,12,positive
"<p>Honestly, Way too loud, sounds like a jet engine. Missing basic features, very disappointed. Disappointed overall.</p> Contact me: reviewer@email.com",2,True,9,negative
"Just received it and Does the job, nothing more nothing less. Not recommended.",3,False,10,neutral
"Just received it and Difficult to clean, parts don't come apart easily. One star is too generous.",1,True,26,negative
"Just received it and Perfect fit! Very comfortable to wear all day. Beautiful color, exactly as shown in pictures. Highly recommend! Contact me: reviewer@email.com",4,True,40,positive
"Just received it and True to size, the measurements were accurate. Five stars from me!",5,False,19,positive
"EDIT: After more use, Color is completely different from the photos. Total waste of money. Check my blog: www.reviews.com/mypost",2,True,10,negative
"<p>EDIT: After more use, Screen is too small and hard to read. One star is too generous.</p>",1,True,24,negative
"After using it for a month, Great features for the price. Five stars from me!",5,True,36,positive
"In my opinion, Faded badly after first wash. Color is completely different from the photos. Would buy again! Contact me: reviewer@email.com",1,True,7,negative
"<p>UPDATE: Amazing battery life! Lasts all day without charging. Setup was incredibly easy, connected right away. Worth every penny!</p>",5,False,45,positive
<p>UPDATE: The display is absolutely stunning. Colors are vibrant and sharp. Disappointed overall.</p>,4,True,9,positive
"Honestly, Great build quality, feels premium and solid. One star is too generous.",5,False,36,positive
"EDIT: After more use, Takes up too much space, too bulky. Takes up too much space, too bulky.",2,True,1,negative
"<p>EDIT: After more use, Broke after just 2 weeks of use! Total waste of money.</p>",2,False,11,negative
"I must say, Beautiful color, exactly as shown in pictures. Perfect for my needs.",5,True,46,positive
"After using it for a month, Poor build quality, feels cheap and plastic. Save your money. Check my blog: www.reviews.com/mypost",1,True,1,negative
"EDIT: After more use, Faded badly after first wash. Looks cheap and poorly made. Perfect for my needs.",2,True,21,negative
"To be honest, Looks stylish and modern, gets compliments. Excellent quality fabric, feels soft and durable. Highly recommend!",5,True,10,positive
"<p>UPDATE: Flimsy construction, feels like it will break. Way too loud, sounds like a jet engine.</p>",2,True,9,negative
"My experience: Standard features, what you would expect. Total waste of money.",3,True,5,neutral
"<p>I must say, Difficult to clean, parts don't come apart easily. Five stars from me!</p>",2,True,24,negative
"My experience: Missing basic features, very disappointed. Difficult to clean, parts don't come apart easily.",1,False,13,negative
"EDIT: After more use, Works like a charm! Makes perfect coffee every morning. Easy to clean and maintain. Highly recommend! Check my blog: www.reviews.com/mypost",5,True,33,positive
"To be honest, Overpriced for such low quality. Five stars from me!",1,False,13,negative
"EDIT: After more use, Faded badly after first wash. Not recommended.",2,False,6,negative
"UPDATE: Decent for the price, but not great.",3,False,3,neutral
"I must say, It works as expected, nothing special. Not recommended.",3,True,9,neutral
"I must say, Excellent quality fabric, feels soft and durable. Great value for money, highly recommend! Worth every penny!",5,True,43,positive
"<p>To be honest, Setup was incredibly easy, connected right away. One star is too generous.</p>",5,False,16,positive
"UPDATE: Decent performance, not amazing but okay. Not recommended.",3,True,0,neutral
"EDIT: After more use, Standard features and performance. Highly recommend!",3,True,5,neutral
"After using it for a month, Faded badly after first wash. Poor quality material, started falling apart after one wash. Worth every penny!",2,False,23,negative
"<p>Just received it and Camera is terrible, blurry photos even in daylight. Battery drains too quickly, barely lasts 3 hours. Five stars from me!</p>",1,True,25,negative
"<p>Excellent quality fabric, feels soft and durable. Washes well, no fading or shrinking. Perfect for my needs.</p>",5,True,48,positive
"Just received it and Great value for money, highly recommend! Great value for money, highly recommend! Not recommended.",4,False,29,positive
"EDIT: After more use, Takes up too much space, too bulky. One star is too generous.",1,True,8,negative
"Overall, Great value for money, highly recommend!",5,True,40,positive
"I must say, Excellent quality fabric, feels soft and durable. Washes well, no fading or shrinking. Perfect for my needs.",5,False,8,positive
"EDIT: After more use, Great build quality, feels premium and solid. The screen resolution is perfect for watching movies. Five stars from me!",5,True,13,positive
"After using it for a month, Takes up too much space, too bulky. You get what you pay for.",1,True,2,negative
"<p>EDIT: After more use, Excellent quality fabric, feels soft and durable. Disappointed overall.</p>",5,True,27,positive
"Just received it and Standard quality, nothing remarkable. Five stars from me! Contact me: reviewer@email.com",3,True,8,neutral
"Just received it and Difficult to clean, parts don't come apart easily. Consumes too much power. Would buy again!",2,True,19,negative
"To be honest, Amazing battery life! Lasts all day without charging. Setup was incredibly easy, connected right away. Save your money.",5,True,42,positive
"<p>Just received it and Great value for money, highly recommend! Beautiful color, exactly as shown in pictures. You get what you pay for.</p>",5,False,22,positive
"My experience: It works as expected, nothing special. You get what you pay for. Check my blog: www.reviews.com/mypost",3,True,7,neutral
"Honestly, Energy efficient, saves on electricity. Powerful and efficient, cleans thoroughly. Perfect for my needs. Check my blog: www.reviews.com/mypost",5,False,31,positive
"After using it for a month, Okay for occasional use. Five stars from me!",3,False,1,neutral
"<p>Honestly, Beautiful color, exactly as shown in pictures. You get what you pay for.</p>",5,False,29,positive
"In my opinion, As expected from this brand. Total waste of money.",3,True,2,neutral
"<p>In my opinion, Camera quality exceeded my expectations, photos are crisp. Worth every penny!</p>",5,False,36,positive
"<p>In my opinion, Runs very small, order 2 sizes up! Highly recommend!</p> Check my blog: www.reviews.com/mypost Contact me: reviewer@email.com",2,True,1,negative
"Honestly, It works as expected, nothing special. Highly recommend!",3,True,8,neutral
"Just received it and Washes well, no fading or shrinking. Great value for money, highly recommend! Disappointed overall.",4,True,3,positive
"EDIT: After more use, Setup was incredibly easy, connected right away. Setup was incredibly easy, connected right away. Not recommended.",5,True,33,positive
"<p>In my opinion, Camera quality exceeded my expectations, photos are crisp. Five stars from me!</p>",5,False,28,positive
"In my opinion, Poor build quality, feels cheap and plastic. Disappointed overall.",2,True,5,negative
"After using it for a month, Difficult to setup, confusing instructions. Save your money.",2,True,12,negative
"After using it for a month, Quiet operation, barely makes any noise. Highly recommend! Contact me: reviewer@email.com",5,False,31,positive
"<p>UPDATE: Way too loud, sounds like a jet engine. You get what you pay for.</p>",1,True,16,negative
UPDATE: Consumes too much power. Total waste of money.,1,True,5,negative
"<p>I must say, Way too loud, sounds like a jet engine. Consumes too much power. You get what you pay for.</p>",1,True,29,negative
"EDIT: After more use, It works as expected, nothing special. Total waste of money.",3,True,3,neutral
"EDIT: After more use, Amazing battery life! Lasts all day without charging. Setup was incredibly easy, connected right away. Total waste of money.",5,True,47,positive
"EDIT: After more use, Great value for money, highly recommend! Perfect for my needs.",5,False,4,positive
"In my opinion, Terrible fit, way too small even though I ordered my size. Five stars from me! Contact me: reviewer@email.com",1,True,28,negative
"<p>Sound quality is excellent, crystal clear audio. Sound quality is excellent, crystal clear audio. Not recommended.</p>",5,False,38,positive
"<p>In my opinion, Takes up too much space, too bulky. Consumes too much power. Not recommended.</p>",2,True,14,negative
"Honestly, Battery drains too quickly, barely lasts 3 hours. Worth every penny!",1,False,8,negative
"In my opinion, Standard features and performance. Save your money.",3,False,6,neutral
"In my opinion, Washes well, no fading or shrinking. Total waste of money.",5,True,45,positive
"<p>EDIT: After more use, Sound quality is excellent, crystal clear audio. Five stars from me!</p>",5,False,5,positive
"Honestly, Poor build quality, feels cheap and plastic. Disappointed overall. Check my blog: www.reviews.com/mypost Contact me: reviewer@email.com",2,False,21,negative
"Honestly, Difficult to clean, parts don't come apart easily. Five stars from me! Check my blog: www.reviews.com/mypost",1,True,5,negative
"Overall, Perfect fit! Very comfortable to wear all day. Great value for money, highly recommend! One star is too generous. Check my blog: www.reviews.com/mypost",5,True,23,positive
"In my opinion, True to size, the measurements were accurate. Excellent quality fabric, feels soft and durable. Five stars from me!",4,True,32,positive
"Just received it and The display is absolutely stunning. Colors are vibrant and sharp. Super fast performance, handles multitasking effortlessly. Contact me: reviewer@email.com",5,True,23,positive
"<p>To be honest, Okay for occasional use. You get what you pay for.</p>",3,False,8,neutral
"<p>I must say, Camera is terrible, blurry photos even in daylight. Difficult to setup, confusing instructions. Total waste of money.</p>",2,True,7,negative
"I must say, Way too loud, sounds like a jet engine. Not recommended.",1,False,26,negative
"After using it for a month, Flimsy construction, feels like it will break. Perfect for my needs. Contact me: reviewer@email.com",1,True,24,negative
"My experience: Energy efficient, saves on electricity. Quiet operation, barely makes any noise. Not recommended.",5,True,35,positive
"I must say, Great value for money, highly recommend! One star is too generous.",4,True,24,positive
"Honestly, Poor quality material, started falling apart after one wash. Worth every penny! Check my blog: www.reviews.com/mypost",2,True,19,negative
Just received it and As expected from this brand. Five stars from me!,3,True,0,neutral
<p>The screen resolution is perfect for watching movies. Not recommended.</p> Contact me: reviewer@email.com,5,True,22,positive
"After using it for a month, Looks cheap and poorly made. Would buy again!",2,True,24,negative
"<p>EDIT: After more use, Washes well, no fading or shrinking. Perfect fit! Very comfortable to wear all day. You get what you pay for.</p>",4,True,45,positive
"EDIT: After more use, Runs very small, order 2 sizes up! Overpriced for such low quality. Disappointed overall.",1,True,14,negative
"In my opinion, True to size, the measurements were accurate. One star is too generous.",5,True,13,positive
"My experience: Poor build quality, feels cheap and plastic. Perfect for my needs.",2,True,13,negative
"<p>EDIT: After more use, Difficult to clean, parts don't come apart easily. Difficult to clean, parts don't come apart easily. Not recommended.</p> Check my blog: www.reviews.com/mypost",2,True,2,negative
"Great build quality, feels premium and solid. The display is absolutely stunning. Colors are vibrant and sharp. One star is too generous.",5,True,35,positive
"In my opinion, Setup was incredibly easy, connected right away. Camera quality exceeded my expectations, photos are crisp. One star is too generous.",5,True,29,positive
"My experience: Washes well, no fading or shrinking. Not recommended.",5,True,12,positive
"I must say, Camera is terrible, blurry photos even in daylight. Sound quality is awful, tinny and distorted. Disappointed overall.",1,False,26,negative
"Honestly, Difficult to clean, parts don't come apart easily. Takes up too much space, too bulky. Total waste of money. Check my blog: www.reviews.com/mypost",2,True,11,negative
"In my opinion, Way too loud, sounds like a jet engine. Difficult to clean, parts don't come apart easily. Would buy again!",1,True,29,negative
"In my opinion, Washes well, no fading or shrinking. Excellent quality fabric, feels soft and durable. Disappointed overall.",5,True,34,positive
"In my opinion, Perfect fit! Very comfortable to wear all day. Beautiful color, exactly as shown in pictures. Would buy again!",5,True,24,positive
"<p>My experience: Runs very small, order 2 sizes up! Terrible fit, way too small even though I ordered my size. Highly recommend!</p>",1,True,19,negative
"After using it for a month, Beautiful color, exactly as shown in pictures. True to size, the measurements were accurate. Would buy again!",5,True,35,positive
"In my opinion, Color is completely different from the photos. Disappointed overall.",1,True,16,negative
"Poor build quality, feels cheap and plastic. Camera is terrible, blurry photos even in daylight.",1,True,17,negative
"<p>EDIT: After more use, Very slow, freezes constantly during use. Poor build quality, feels cheap and plastic. Highly recommend!</p>",2,True,3,negative
"<p>Overall, Works like a charm! Makes perfect coffee every morning. Sturdy design, built to last. You get what you pay for.</p>",4,True,23,positive
"EDIT: After more use, Standard quality, nothing remarkable. Disappointed overall.",3,True,6,neutral
"After using it for a month, Screen is too small and hard to read. Poor build quality, feels cheap and plastic. Highly recommend!",1,True,28,negative
"To be honest, Washes well, no fading or shrinking. Excellent quality fabric, feels soft and durable. One star is too generous.",4,True,7,positive
"Camera is terrible, blurry photos even in daylight. Overheats after just 10 minutes of use. Save your money.",1,False,25,negative
"Overall, Runs very small, order 2 sizes up! Runs very small, order 2 sizes up! Total waste of money. Check my blog: www.reviews.com/mypost",2,False,24,negative
"To be honest, Consumes too much power. Save your money.",1,True,19,negative
"Powerful and efficient, cleans thoroughly. Disappointed overall.",5,False,46,positive
"EDIT: After more use, Average product for the price point.",3,True,7,neutral
"I must say, Sound quality is awful, tinny and distorted. Battery drains too quickly, barely lasts 3 hours. Highly recommend!",1,False,27,negative
"To be honest, Flimsy construction, feels like it will break. Missing basic features, very disappointed. Not recommended.",1,True,7,negative
"<p>Color is completely different from the photos. Poor quality material, started falling apart after one wash. You get what you pay for.</p>",1,True,24,negative
"Just received it and Excellent quality fabric, feels soft and durable. Great value for money, highly recommend! One star is too generous.",5,True,1,positive
"In my opinion, Terrible fit, way too small even though I ordered my size. Worth every penny!",1,True,9,negative
"Overall, Decent performance, not amazing but okay. Five stars from me! Check my blog: www.reviews.com/mypost",3,True,9,neutral
"My experience: Super fast performance, handles multitasking effortlessly. One star is too generous. Contact me: reviewer@email.com",5,True,31,positive
Great features for the price. Worth every penny!,5,True,4,positive
"In my opinion, Camera is terrible, blurry photos even in daylight. Battery drains too quickly, barely lasts 3 hours. Disappointed overall.",2,False,17,negative
"Honestly, Standard quality, nothing remarkable. Five stars from me!",3,True,3,neutral
"Just received it and Way too loud, sounds like a jet engine. Total waste of money. Contact me: reviewer@email.com",1,True,6,negative
Great features for the price. Save your money. Check my blog: www.reviews.com/mypost,5,True,42,positive
<p>Just received it and Easy to clean and maintain. Five stars from me!</p>,5,True,38,positive
"After using it for a month, Takes up too much space, too bulky. Worth every penny!",1,True,24,negative
"Just received it and Decent for the price, but not great. Perfect for my needs.",3,False,0,neutral
"My experience: Poor quality material, started falling apart after one wash. Worth every penny!",2,True,23,negative
"In my opinion, Fits okay, material is average. Perfect for my needs.",3,True,0,neutral
"My experience: Terrible fit, way too small even though I ordered my size. Save your money. Check my blog: www.reviews.com/mypost",1,True,28,negative
"<p>I must say, Missing basic features, very disappointed. Consumes too much power. One star is too generous.</p> Contact me: reviewer@email.com",2,True,26,negative
"UPDATE: Runs very small, order 2 sizes up! Five stars from me!",1,True,5,negative
"EDIT: After more use, Great features for the price. Compact size, fits perfectly in my space. Not recommended.",5,True,33,positive
"I must say, Okay for occasional use. You get what you pay for.",3,True,3,neutral
"I must say, Overpriced for such low quality. Overpriced for such low quality. Total waste of money. Check my blog: www.reviews.com/mypost",1,False,6,negative
"<p>EDIT: After more use, Excellent quality fabric, feels soft and durable. You get what you pay for.</p>",5,True,49,positive
"In my opinion, The screen resolution is perfect for watching movies. Setup was incredibly easy, connected right away. One star is too generous.",5,True,48,positive
"Quiet operation, barely makes any noise. You get what you pay for.",4,True,20,positive
"I must say, Excellent quality fabric, feels soft and durable. Check my blog: www.reviews.com/mypost",5,True,4,positive
"In my opinion, Runs very small, order 2 sizes up! Save your money.",2,False,21,negative
"Just received it and Runs very small, order 2 sizes up! Faded badly after first wash.",2,True,3,negative
"Standard quality, nothing remarkable. Would buy again!",3,True,7,neutral
<p>UPDATE: Easy to clean and maintain. Five stars from me!</p> Check my blog: www.reviews.com/mypost,5,True,34,positive
"EDIT: After more use, Powerful and efficient, cleans thoroughly. You get what you pay for.",5,True,18,positive
"EDIT: After more use, Runs very small, order 2 sizes up! Color is completely different from the photos. Not recommended.",2,False,7,negative
"<p>UPDATE: Poor quality material, started falling apart after one wash. Color is completely different from the photos. Worth every penny!</p>",2,True,21,negative
"To be honest, Decent for the price, but not great. Worth every penny! Check my blog: www.reviews.com/mypost",3,True,3,neutral
"UPDATE: Average product, meets basic needs. One star is too generous.",3,True,9,neutral
"Difficult to setup, confusing instructions. Check my blog: www.reviews.com/mypost",1,True,27,negative
"Just received it and Terrible fit, way too small even though I ordered my size. Terrible fit, way too small even though I ordered my size. Save your money.",1,True,2,negative
"In my opinion, Way too loud, sounds like a jet engine. Broke after just 2 weeks of use! Highly recommend!",2,True,26,negative
"After using it for a month, Runs very small, order 2 sizes up! One star is too generous.",1,True,26,negative
"<p>Overall, Powerful and efficient, cleans thoroughly. Compact size, fits perfectly in my space. Total waste of money.</p>",5,True,23,positive
"<p>Honestly, Okay for occasional use. Worth every penny!</p> Contact me: reviewer@email.com",3,True,5,neutral
"<p>My experience: Standard features, what you would expect. Worth every penny!</p> Check my blog: www.reviews.com/mypost",3,True,9,neutral
"<p>After using it for a month, Fits okay, material is average. One star is too generous.</p>",3,False,6,neutral
"<p>To be honest, Difficult to setup, confusing instructions. Save your money.</p>",2,True,16,negative
"<p>Overall, Powerful and efficient, cleans thoroughly. Quiet operation, barely makes any noise. One star is too generous.</p>",4,True,29,positive
<p>Okay for occasional use. Save your money.</p> Contact me: reviewer@email.com,3,True,2,neutral
"In my opinion, Camera is terrible, blurry photos even in daylight.",1,True,3,negative
"In my opinion, Standard features, what you would expect. Highly recommend! Check my blog: www.reviews.com/mypost",3,True,2,neutral
"<p>EDIT: After more use, Great build quality, feels premium and solid. Perfect for my needs.</p>",4,True,34,positive
UPDATE: As expected from this brand. Highly recommend!,3,True,9,neutral
"After using it for a month, The display is absolutely stunning. Colors are vibrant and sharp. Setup was incredibly easy, connected right away.",5,True,30,positive
"After using it for a month, Difficult to setup, confusing instructions. Screen is too small and hard to read. Save your money.",1,True,19,negative
"<p>Overall, Super fast performance, handles multitasking effortlessly. Save your money.</p>",5,True,33,positive
"Missing basic features, very disappointed. One star is too generous.",2,True,16,negative
"In my opinion, The screen resolution is perfect for watching movies. One star is too generous. Check my blog: www.reviews.com/mypost",5,False,31,positive
"In my opinion, Difficult to clean, parts don't come apart easily. One star is too generous.",1,True,12,negative
